[
    {
        "Title":  "21 Bridges",
        "imdbID":  "tt8688634"
    },
    {
        "Title":  "A Knight\u0027s Tale",
        "imdbID":  "tt0183790"
    },
    {
        "Title":  "Alita: Battle Angel",
        "imdbID":  "tt0437086"
    },
    {
        "Title":  "Anna",
        "imdbID":  "tt7456310"
    },
    {
        "Title":  "Ant-Man",
        "imdbID":  "tt0478970"
    },
    {
        "Title":  "Ant-Man 3",
        "imdbID":  "tt11213558"
    },
    {
        "Title":  "Ant-Man and the Wasp",
        "imdbID":  "tt5095030"
    },
    {
        "Title":  "Arrival",
        "imdbID":  "tt2543164"
    },
    {
        "Title":  "Artemis Fowl",
        "imdbID":  "tt3089630"
    },
    {
        "Title":  "Assassin\u0027s Creed",
        "imdbID":  "tt2094766"
    },
    {
        "Title":  "Avatar",
        "imdbID":  "tt0499549"
    },
    {
        "Title":  "Avatar 2",
        "imdbID":  "tt1630029"
    },
    {
        "Title":  "Avatar 3",
        "imdbID":  "tt1757678"
    },
    {
        "Title":  "Avatar 4",
        "imdbID":  "tt3095356"
    },
    {
        "Title":  "Avatar 5",
        "imdbID":  "tt5637536"
    },
    {
        "Title":  "Avengers: Age of Ultron",
        "imdbID":  "tt2395427"
    },
    {
        "Title":  "Avengers: Endgame",
        "imdbID":  "tt4154796"
    },
    {
        "Title":  "Avengers: Infinity War",
        "imdbID":  "tt4154756"
    },
    {
        "Title":  "Baby Driver",
        "imdbID":  "tt3890160"
    },
    {
        "Title":  "Back to the Future",
        "imdbID":  "tt0088763"
    },
    {
        "Title":  "Batman Begins",
        "imdbID":  "tt0372784"
    },
    {
        "Title":  "Batman v Superman: Dawn of Justice",
        "imdbID":  "tt2975590"
    },
    {
        "Title":  "Beauty and the Beast",
        "imdbID":  "tt0101414"
    },
    {
        "Title":  "Big Brother",
        "imdbID":  "tt0251497"
    },
    {
        "Title":  "Big Hero 6",
        "imdbID":  "tt2245084"
    },
    {
        "Title":  "Bill \u0026 Ted Face the Music",
        "imdbID":  "tt1086064"
    },
    {
        "Title":  "Black Adam",
        "imdbID":  "tt6443346"
    },
    {
        "Title":  "Black and Blue",
        "imdbID":  "tt7390646"
    },
    {
        "Title":  "Black Mask",
        "imdbID":  "tt0115693"
    },
    {
        "Title":  "Black Panther",
        "imdbID":  "tt1825683"
    },
    {
        "Title":  "Black Panther II",
        "imdbID":  "tt9114286"
    },
    {
        "Title":  "Black Widow",
        "imdbID":  "tt0090738"
    },
    {
        "Title":  "Blade",
        "imdbID":  "tt0120611"
    },
    {
        "Title":  "Blade",
        "imdbID":  "tt0120611"
    },
    {
        "Title":  "Blade II",
        "imdbID":  "tt0187738"
    },
    {
        "Title":  "Blade Runner",
        "imdbID":  "tt0083658"
    },
    {
        "Title":  "Blade Runner 2049",
        "imdbID":  "tt1856101"
    },
    {
        "Title":  "Blade: Trinity",
        "imdbID":  "tt0359013"
    },
    {
        "Title":  "Bloodshot",
        "imdbID":  "tt2622988"
    },
    {
        "Title":  "Brightburn",
        "imdbID":  "tt7752126"
    },
    {
        "Title":  "Captain America: Civil War",
        "imdbID":  "tt3498820"
    },
    {
        "Title":  "Captain America: The First Avenger",
        "imdbID":  "tt0458339"
    },
    {
        "Title":  "Captain America: The Winter Soldier",
        "imdbID":  "tt1843866"
    },
    {
        "Title":  "Captain Marvel",
        "imdbID":  "tt4154664"
    },
    {
        "Title":  "Color Out of Space",
        "imdbID":  "tt5073642"
    },
    {
        "Title":  "Coming 2 America",
        "imdbID":  "tt6802400"
    },
    {
        "Title":  "Creed",
        "imdbID":  "tt3076658"
    },
    {
        "Title":  "Creed II",
        "imdbID":  "tt6343314"
    },
    {
        "Title":  "Crouching Tiger, Hidden Dragon",
        "imdbID":  "tt0190332"
    },
    {
        "Title":  "Crouching Tiger, Hidden Dragon: Sword of Destiny",
        "imdbID":  "tt2652118"
    },
    {
        "Title":  "Cruella",
        "imdbID":  "tt3228774"
    },
    {
        "Title":  "X-Men: Dark Phoenix LIVE Red Carpet World Premiere",
        "imdbID":  "tt10440726"
    },
    {
        "Title":  "Deadpool",
        "imdbID":  "tt1431045"
    },
    {
        "Title":  "Deadpool 2",
        "imdbID":  "tt5463162"
    },
    {
        "Title":  "Deadpool: 3-Minute Monologue",
        "imdbID":  "tt8879654"
    },
    {
        "Title":  "Death at a Funeral",
        "imdbID":  "tt0795368"
    },
    {
        "Title":  "Death on the Nile",
        "imdbID":  "tt0077413"
    },
    {
        "Title":  "Despicable Me",
        "imdbID":  "tt1323594"
    },
    {
        "Title":  "Despicable Me 2",
        "imdbID":  "tt1690953"
    },
    {
        "Title":  "Despicable Me 3",
        "imdbID":  "tt3469046"
    },
    {
        "Title":  "Despicable Me 4",
        "imdbID":  "tt7510222"
    },
    {
        "Title":  "Django Unchained",
        "imdbID":  "tt1853728"
    },
    {
        "Title":  "Doctor Strange",
        "imdbID":  "tt1211837"
    },
    {
        "Title":  "Doctor Strange in the Multiverse of Madness",
        "imdbID":  "tt9419884"
    },
    {
        "Title":  "Dolittle",
        "imdbID":  "tt6673612"
    },
    {
        "Title":  "Dragon",
        "imdbID":  "tt1718199"
    },
    {
        "Title":  "Dune",
        "imdbID":  "tt0087182"
    },
    {
        "Title":  "Eastern Condors",
        "imdbID":  "tt0090956"
    },
    {
        "Title":  "Edge of Tomorrow",
        "imdbID":  "tt1631867"
    },
    {
        "Title":  "Enter the Fat Dragon",
        "imdbID":  "tt0077538"
    },
    {
        "Title":  "Enter the Fat Dragon",
        "imdbID":  "tt0077538"
    },
    {
        "Title":  "Eternals",
        "imdbID":  "tt4118878"
    },
    {
        "Title":  "Extra Ordinary",
        "imdbID":  "tt8233874"
    },
    {
        "Title":  "Fantastic Beasts and Where to Find Them",
        "imdbID":  "tt3183660"
    },
    {
        "Title":  "Fantasy Island",
        "imdbID":  "tt0077008"
    },
    {
        "Title":  "Fight Club",
        "imdbID":  "tt0137523"
    },
    {
        "Title":  "Finding Dory",
        "imdbID":  "tt2277860"
    },
    {
        "Title":  "Finding Nemo",
        "imdbID":  "tt0266543"
    },
    {
        "Title":  "Fist of Legend",
        "imdbID":  "tt0110200"
    },
    {
        "Title":  "Forrest Gump",
        "imdbID":  "tt0109830"
    },
    {
        "Title":  "Ghost in the Shell",
        "imdbID":  "tt1219827"
    },
    {
        "Title":  "Ghostbusters: Afterlife",
        "imdbID":  "tt4513678"
    },
    {
        "Title":  "Glass",
        "imdbID":  "tt6823368"
    },
    {
        "Title":  "God of War",
        "imdbID":  "tt6083388"
    },
    {
        "Title":  "Godzilla",
        "imdbID":  "tt0831387"
    },
    {
        "Title":  "Godzilla",
        "imdbID":  "tt0831387"
    },
    {
        "Title":  "Godzilla: King of the Monsters",
        "imdbID":  "tt3741700"
    },
    {
        "Title":  "Godzilla vs. Kong",
        "imdbID":  "tt5034838"
    },
    {
        "Title":  "Greg Davies Live: The Back of My Mum\u0027s Head",
        "imdbID":  "tt3387320"
    },
    {
        "Title":  "Greg Davies: You Magnificent Beast",
        "imdbID":  "tt8259682"
    },
    {
        "Title":  "Greyhound",
        "imdbID":  "tt6048922"
    },
    {
        "Title":  "Greystoke: The Legend of Tarzan, Lord of the Apes",
        "imdbID":  "tt0087365"
    },
    {
        "Title":  "Guardians of the Galaxy",
        "imdbID":  "tt2015381"
    },
    {
        "Title":  "Guardians of the Galaxy Vol. 2",
        "imdbID":  "tt3896198"
    },
    {
        "Title":  "Guardians of the Galaxy Vol. 3",
        "imdbID":  "tt6791350"
    },
    {
        "Title":  "Hachi: A Dog\u0027s Tale",
        "imdbID":  "tt1028532"
    },
    {
        "Title":  "Hacksaw Ridge",
        "imdbID":  "tt2119532"
    },
    {
        "Title":  "Harry Potter and the Chamber of Secrets",
        "imdbID":  "tt0295297"
    },
    {
        "Title":  "Harry Potter and the Deathly Hallows: Part 1",
        "imdbID":  "tt0926084"
    },
    {
        "Title":  "Harry Potter and the Deathly Hallows: Part 2",
        "imdbID":  "tt1201607"
    },
    {
        "Title":  "Harry Potter and the Goblet of Fire",
        "imdbID":  "tt0330373"
    },
    {
        "Title":  "Harry Potter and the Order of the Phoenix",
        "imdbID":  "tt0373889"
    },
    {
        "Title":  "Harry Potter and the Prisoner of Azkaban",
        "imdbID":  "tt0304141"
    },
    {
        "Title":  "Hit \u0026 Run",
        "imdbID":  "tt10300710"
    },
    {
        "Title":  "Homefront",
        "imdbID":  "tt2312718"
    },
    {
        "Title":  "Hotel Artemis",
        "imdbID":  "tt5834262"
    },
    {
        "Title":  "I, Robot",
        "imdbID":  "tt0343818"
    },
    {
        "Title":  "Idiocracy",
        "imdbID":  "tt0387808"
    },
    {
        "Title":  "Inception",
        "imdbID":  "tt1375666"
    },
    {
        "Title":  "Incredibles 2",
        "imdbID":  "tt3606756"
    },
    {
        "Title":  "Infinite",
        "imdbID":  "tt4987472"
    },
    {
        "Title":  "Inside Out",
        "imdbID":  "tt2096673"
    },
    {
        "Title":  "Interstellar",
        "imdbID":  "tt0816692"
    },
    {
        "Title":  "Ip Man",
        "imdbID":  "tt1220719"
    },
    {
        "Title":  "Ip Man 2",
        "imdbID":  "tt1386932"
    },
    {
        "Title":  "Ip Man 3",
        "imdbID":  "tt2888046"
    },
    {
        "Title":  "Ip Man 4: The Finale",
        "imdbID":  "tt2076298"
    },
    {
        "Title":  "Iron Man",
        "imdbID":  "tt0371746"
    },
    {
        "Title":  "Iron Man 2",
        "imdbID":  "tt1228705"
    },
    {
        "Title":  "Iron Man 3",
        "imdbID":  "tt1300854"
    },
    {
        "Title":  "John Wick",
        "imdbID":  "tt2911666"
    },
    {
        "Title":  "John Wick: Chapter 2",
        "imdbID":  "tt4425200"
    },
    {
        "Title":  "John Wick: Chapter 3 - Parabellum",
        "imdbID":  "tt6146586"
    },
    {
        "Title":  "John Wick: Chapter 4",
        "imdbID":  "tt10366206"
    },
    {
        "Title":  "Jojo Rabbit",
        "imdbID":  "tt2584384"
    },
    {
        "Title":  "Joker",
        "imdbID":  "tt7286456"
    },
    {
        "Title":  "Jumanji: Welcome to the Jungle",
        "imdbID":  "tt2283362"
    },
    {
        "Title":  "Jungle Cruise",
        "imdbID":  "tt0870154"
    },
    {
        "Title":  "Jurassic World",
        "imdbID":  "tt0369610"
    },
    {
        "Title":  "Kevin Hart: Irresponsible",
        "imdbID":  "tt10009796"
    },
    {
        "Title":  "King Arthur: Legend of the Sword",
        "imdbID":  "tt1972591"
    },
    {
        "Title":  "Kingsman: The Secret Service",
        "imdbID":  "tt2802144"
    },
    {
        "Title":  "Kong: Skull Island",
        "imdbID":  "tt3731562"
    },
    {
        "Title":  "Kung Fu Jungle",
        "imdbID":  "tt2952602"
    },
    {
        "Title":  "Legend of the Fist: The Return of Chen Zhen",
        "imdbID":  "tt1456661"
    },
    {
        "Title":  "Like a Boss",
        "imdbID":  "tt7545266"
    },
    {
        "Title":  "Logan",
        "imdbID":  "tt3315342"
    },
    {
        "Title":  "Lucy",
        "imdbID":  "tt2872732"
    },
    {
        "Title":  "Mad Max: Fury Road",
        "imdbID":  "tt1392190"
    },
    {
        "Title":  "Marriage Story",
        "imdbID":  "tt7653254"
    },
    {
        "Title":  "Mile 22",
        "imdbID":  "tt4560436"
    },
    {
        "Title":  "Minions",
        "imdbID":  "tt2293640"
    },
    {
        "Title":  "Minions: The Rise of Gru",
        "imdbID":  "tt5113044"
    },
    {
        "Title":  "Misbehaviour",
        "imdbID":  "tt0969299"
    },
    {
        "Title":  "Mission: Impossible",
        "imdbID":  "tt0117060"
    },
    {
        "Title":  "Mission: Impossible - Fallout",
        "imdbID":  "tt4912910"
    },
    {
        "Title":  "Mission: Impossible - Ghost Protocol",
        "imdbID":  "tt1229238"
    },
    {
        "Title":  "Mission: Impossible - Rogue Nation",
        "imdbID":  "tt2381249"
    },
    {
        "Title":  "Mission: Impossible 7",
        "imdbID":  "tt9603212"
    },
    {
        "Title":  "Mission: Impossible 8",
        "imdbID":  "tt9603208"
    },
    {
        "Title":  "Mission: Impossible II",
        "imdbID":  "tt0120755"
    },
    {
        "Title":  "Mission: Impossible III",
        "imdbID":  "tt0317919"
    },
    {
        "Title":  "Moana",
        "imdbID":  "tt3521164"
    },
    {
        "Title":  "Monster Hunter",
        "imdbID":  "tt6475714"
    },
    {
        "Title":  "Monsters, Inc.",
        "imdbID":  "tt0198781"
    },
    {
        "Title":  "Morbius",
        "imdbID":  "tt5108870"
    },
    {
        "Title":  "Mortal Engines",
        "imdbID":  "tt1571234"
    },
    {
        "Title":  "Mortal Kombat",
        "imdbID":  "tt0113855"
    },
    {
        "Title":  "Mortal Kombat",
        "imdbID":  "tt0113855"
    },
    {
        "Title":  "Mowgli: Legend of the Jungle",
        "imdbID":  "tt2388771"
    },
    {
        "Title":  "Mulan",
        "imdbID":  "tt0120762"
    },
    {
        "Title":  "My Spy",
        "imdbID":  "tt1537860"
    },
    {
        "Title":  "No Time to Die",
        "imdbID":  "tt0899070"
    },
    {
        "Title":  "Now You See Me",
        "imdbID":  "tt1670345"
    },
    {
        "Title":  "Onward",
        "imdbID":  "tt7146812"
    },
    {
        "Title":  "Overlord",
        "imdbID":  "tt4530422"
    },
    {
        "Title":  "Passengers",
        "imdbID":  "tt1355644"
    },
    {
        "Title":  "Peter Rabbit 2: The Runaway",
        "imdbID":  "tt8376234"
    },
    {
        "Title":  "Pirates of the Caribbean: The Curse of the Black Pearl",
        "imdbID":  "tt0325980"
    },
    {
        "Title":  "Pokémon Detective Pikachu",
        "imdbID":  "tt5884052"
    },
    {
        "Title":  "Pulp Fiction",
        "imdbID":  "tt0110912"
    },
    {
        "Title":  "Raging Fire",
        "imdbID":  "tt8165192"
    },
    {
        "Title":  "Ready Player One",
        "imdbID":  "tt1677720"
    },
    {
        "Title":  "Red Dog",
        "imdbID":  "tt0803061"
    },
    {
        "Title":  "The Return of Return of the Jedi: 30 Years and Counting",
        "imdbID":  "tt2937992"
    },
    {
        "Title":  "Rise of the Legend",
        "imdbID":  "tt3469592"
    },
    {
        "Title":  "Robin Hood",
        "imdbID":  "tt0955308"
    },
    {
        "Title":  "Rogue One: A Star Wars Story",
        "imdbID":  "tt3748528"
    },
    {
        "Title":  "Scoob!",
        "imdbID":  "tt3152592"
    },
    {
        "Title":  "Se7en",
        "imdbID":  "tt0114369"
    },
    {
        "Title":  "Shang-Chi and the Legend of the Ten Rings",
        "imdbID":  "tt9376612"
    },
    {
        "Title":  "Shazam!",
        "imdbID":  "tt0448115"
    },
    {
        "Title":  "Sleeping Dogs",
        "imdbID":  "tt0076725"
    },
    {
        "Title":  "Snowpiercer",
        "imdbID":  "tt1706620"
    },
    {
        "Title":  "Sonic the Hedgehog",
        "imdbID":  "tt0106140"
    },
    {
        "Title":  "Soul Surfer",
        "imdbID":  "tt1596346"
    },
    {
        "Title":  "Space Jam 2",
        "imdbID":  "tt3554046"
    },
    {
        "Title":  "Special ID",
        "imdbID":  "tt2118775"
    },
    {
        "Title":  "Spenser Confidential",
        "imdbID":  "tt8629748"
    },
    {
        "Title":  "Spider-Man: Far from Home",
        "imdbID":  "tt6320628"
    },
    {
        "Title":  "Spider-Man: Homecoming",
        "imdbID":  "tt2250912"
    },
    {
        "Title":  "Spider-Man: Into the Spider-Verse",
        "imdbID":  "tt4633694"
    },
    {
        "Title":  "Split",
        "imdbID":  "tt4972582"
    },
    {
        "Title":  "Star Trek Beyond",
        "imdbID":  "tt2660888"
    },
    {
        "Title":  "Star Wars: Episode IV - A New Hope",
        "imdbID":  "tt0076759"
    },
    {
        "Title":  "Star Wars: Episode I - The Phantom Menace",
        "imdbID":  "tt0120915"
    },
    {
        "Title":  "Star Wars: Episode II - Attack of the Clones",
        "imdbID":  "tt0121765"
    },
    {
        "Title":  "Star Wars: Episode III - Revenge of the Sith",
        "imdbID":  "tt0121766"
    },
    {
        "Title":  "Star Wars: The Force Awakens World Premiere Red Carpet",
        "imdbID":  "tt7768640"
    },
    {
        "Title":  "Star Wars: The Last Jedi",
        "imdbID":  "tt3486354"
    },
    {
        "Title":  "Suicide Squad",
        "imdbID":  "tt1386697"
    },
    {
        "Title":  "Tenet",
        "imdbID":  "tt6723592"
    },
    {
        "Title":  "The Accountant",
        "imdbID":  "tt2140479"
    },
    {
        "Title":  "The Amazing Spider-Man",
        "imdbID":  "tt0948470"
    },
    {
        "Title":  "The Amazing Spider-Man 2",
        "imdbID":  "tt1872181"
    },
    {
        "Title":  "The Avengers",
        "imdbID":  "tt0848228"
    },
    {
        "Title":  "The Batman",
        "imdbID":  "tt0398417"
    },
    {
        "Title":  "The Boss Baby",
        "imdbID":  "tt3874544"
    },
    {
        "Title":  "The Call of the Wild",
        "imdbID":  "tt0069197"
    },
    {
        "Title":  "The Courier",
        "imdbID":  "tt0995845"
    },
    {
        "Title":  "The Croods 2",
        "imdbID":  "tt2850386"
    },
    {
        "Title":  "The Dark Knight",
        "imdbID":  "tt0468569"
    },
    {
        "Title":  "The Dark Knight Rises",
        "imdbID":  "tt1345836"
    },
    {
        "Title":  "A Conversation with the Masters: The Empire Strikes Back 30 Years Later",
        "imdbID":  "tt2208128"
    },
    {
        "Title":  "The Equalizer",
        "imdbID":  "tt0455944"
    },
    {
        "Title":  "The Equalizer 2",
        "imdbID":  "tt3766354"
    },
    {
        "Title":  "The Fantastic Four",
        "imdbID":  "tt0109770"
    },
    {
        "Title":  "The Flash",
        "imdbID":  "tt3107288"
    },
    {
        "Title":  "The Forbidden Kingdom",
        "imdbID":  "tt0865556"
    },
    {
        "Title":  "The Hitman\u0027s Wife\u0027s Bodyguard",
        "imdbID":  "tt8385148"
    },
    {
        "Title":  "The Hobbit: An Unexpected Journey",
        "imdbID":  "tt0903624"
    },
    {
        "Title":  "The Hunger Games",
        "imdbID":  "tt1392170"
    },
    {
        "Title":  "The Hunger Games: Catching Fire",
        "imdbID":  "tt1951264"
    },
    {
        "Title":  "The Incredibles",
        "imdbID":  "tt0317705"
    },
    {
        "Title":  "Shakespeare: The King\u0027s Man",
        "imdbID":  "tt3198920"
    },
    {
        "Title":  "The Last Duel",
        "imdbID":  "tt0198635"
    },
    {
        "Title":  "The Legend Is Born: Ip Man",
        "imdbID":  "tt1641638"
    },
    {
        "Title":  "The Lion King",
        "imdbID":  "tt0110357"
    },
    {
        "Title":  "The Little Mermaid",
        "imdbID":  "tt0097757"
    },
    {
        "Title":  "The Lord of the Rings: The Fellowship of the Ring",
        "imdbID":  "tt0120737"
    },
    {
        "Title":  "The Lord of the Rings: The Return of the King",
        "imdbID":  "tt0167260"
    },
    {
        "Title":  "The Lord of the Rings: The Two Towers",
        "imdbID":  "tt0167261"
    },
    {
        "Title":  "The Martian",
        "imdbID":  "tt3659388"
    },
    {
        "Title":  "The Matrix",
        "imdbID":  "tt0133093"
    },
    {
        "Title":  "The New Mutants",
        "imdbID":  "tt4682266"
    },
    {
        "Title":  "The One",
        "imdbID":  "tt0267804"
    },
    {
        "Title":  "The Revenant",
        "imdbID":  "tt1663202"
    },
    {
        "Title":  "The Secret Garden",
        "imdbID":  "tt0108071"
    },
    {
        "Title":  "The Secret Life of Pets",
        "imdbID":  "tt2709768"
    },
    {
        "Title":  "The Shawshank Redemption",
        "imdbID":  "tt0111161"
    },
    {
        "Title":  "The Tomorrow War",
        "imdbID":  "tt9777666"
    },
    {
        "Title":  "The Upside",
        "imdbID":  "tt1987680"
    },
    {
        "Title":  "The Witches",
        "imdbID":  "tt0100944"
    },
    {
        "Title":  "The Wolf of Wall Street",
        "imdbID":  "tt0993846"
    },
    {
        "Title":  "The Woman in the Window",
        "imdbID":  "tt0037469"
    },
    {
        "Title":  "Thor",
        "imdbID":  "tt0800369"
    },
    {
        "Title":  "Thor: Love and Thunder",
        "imdbID":  "tt10648342"
    },
    {
        "Title":  "Thor: Ragnarok",
        "imdbID":  "tt3501632"
    },
    {
        "Title":  "Thor: The Dark World",
        "imdbID":  "tt1981115"
    },
    {
        "Title":  "Top Gun: Maverick",
        "imdbID":  "tt1745960"
    },
    {
        "Title":  "Toy Story",
        "imdbID":  "tt0114709"
    },
    {
        "Title":  "Trolls",
        "imdbID":  "tt1679335"
    },
    {
        "Title":  "Trolls World Tour",
        "imdbID":  "tt6587640"
    },
    {
        "Title":  "Unbreakable",
        "imdbID":  "tt0217869"
    },
    {
        "Title":  "Uncharted",
        "imdbID":  "tt1057576"
    },
    {
        "Title":  "Underwater",
        "imdbID":  "tt5774060"
    },
    {
        "Title":  "Up",
        "imdbID":  "tt1049413"
    },
    {
        "Title":  "Venom",
        "imdbID":  "tt1270797"
    },
    {
        "Title":  "Venom 2",
        "imdbID":  "tt0157155"
    },
    {
        "Title":  "WALL·E",
        "imdbID":  "tt0910970"
    },
    {
        "Title":  "Wonder Woman",
        "imdbID":  "tt0451279"
    },
    {
        "Title":  "Wonder Woman 1984",
        "imdbID":  "tt7126948"
    },
    {
        "Title":  "X-Force",
        "imdbID":  "tt3053198"
    },
    {
        "Title":  "X-Men: Apocalypse",
        "imdbID":  "tt3385516"
    },
    {
        "Title":  "X-Men: Days of Future Past",
        "imdbID":  "tt1877832"
    },
    {
        "Title":  "xXx",
        "imdbID":  "tt0295701"
    },
    {
        "Title":  "Hustler XXX 4 on 1",
        "imdbID":  "tt0846969"
    },
    {
        "Title":  "xXx: Return of Xander Cage",
        "imdbID":  "tt1293847"
    },
    {
        "Title":  "xXx: State of the Union",
        "imdbID":  "tt0329774"
    },
    {
        "Title":  "Zathura: A Space Adventure",
        "imdbID":  "tt0406375"
    },
    {
        "Title":  "Zootopia",
        "imdbID":  "tt2948356"
    },
    {
        "Title":  "Zumba Fitness: Cardio Party",
        "imdbID":  "tt1846829"
    }
]
