[
    {
        "title": "The Gentlemen",
        "imdb_id": "tt8367814",
        "poster_url": "http://image.tmdb.org/t/p/w500/jtrhTYB7xSrJxR1vusu99nvnZ1g.jpg"
    },
    {
        "title": "Bad Boys for Life",
        "imdb_id": "tt1502397",
        "poster_url": "http://image.tmdb.org/t/p/w500/y95lQLnuNKdPAzw9F9Ab8kJ80c3.jpg"
    },
    {
        "title": "Dolittle",
        "imdb_id": "tt6673612",
        "poster_url": "http://image.tmdb.org/t/p/w500/hrraiBBuhu5E50otrtrykNqnOt5.jpg"
    },
    {
        "title": "Like a Boss",
        "imdb_id": "tt7545266",
        "poster_url": "http://image.tmdb.org/t/p/w500/ifn7yLH7W69MdrEEkNzCyO8rTmL.jpg"
    },
    {
        "title": "Underwater",
        "imdb_id": "tt5774060",
        "poster_url": "http://image.tmdb.org/t/p/w500/jlHL2BH176JApGiLnNQLQgdjMFd.jpg"
    },
    {
        "title": "The Grudge",
        "imdb_id": "tt3612126",
        "poster_url": "http://image.tmdb.org/t/p/w500/vN7JHlHOT9rHNDU27tfYqhABBj5.jpg"
    },
    {
        "title": "Just Mercy",
        "imdb_id": "tt4916630",
        "poster_url": "http://image.tmdb.org/t/p/w500/zQGzAoYF6lXDN3L9hxBecQRZIwB.jpg"
    },
    {
        "title": "Little Women",
        "imdb_id": "tt3281548",
        "poster_url": "http://image.tmdb.org/t/p/w500/mSmiB8XjUnR1GSIljuCPGsk0cwX.jpg"
    },
    {
        "title": "Spies in Disguise",
        "imdb_id": "tt5814534",
        "poster_url": "http://image.tmdb.org/t/p/w500/30YacPAcxpNemhhwX0PVUl9pVA3.jpg"
    },
    {
        "title": "Cats",
        "imdb_id": "tt5697572",
        "poster_url": "http://image.tmdb.org/t/p/w500/d6tfbsrZr4QPDHp7PlD0Z4ngIAs.jpg"
    },
    {
        "title": "Star Wars: The Rise of Skywalker",
        "imdb_id": "tt2527338",
        "poster_url": "http://image.tmdb.org/t/p/w500/db32LaOibwEliAmSL2jjDF6oDdj.jpg"
    },
    {
        "title": "Jumanji: The Next Level",
        "imdb_id": "tt7975244",
        "poster_url": "http://image.tmdb.org/t/p/w500/jyw8VKYEiM1UDzPB7NsisUgBeJ8.jpg"
    },
    {
        "title": "Richard Jewell",
        "imdb_id": "tt3513548",
        "poster_url": "http://image.tmdb.org/t/p/w500/8t00sQPe2IgPNLnKmG1EnPUu7Ua.jpg"
    },
    {
        "title": "Uncut Gems",
        "imdb_id": "tt5727208",
        "poster_url": "http://image.tmdb.org/t/p/w500/7gOozJufKJ9WjcIs38KEs08Iq3D.jpg"
    },
    {
        "title": "6 Underground",
        "imdb_id": "tt8106534",
        "poster_url": "http://image.tmdb.org/t/p/w500/lnWkyG3LLgbbrIEeyl5mK5VRFe4.jpg"
    },
    {
        "title": "Knives Out",
        "imdb_id": "tt8946378",
        "poster_url": "http://image.tmdb.org/t/p/w500/pThyQovXQrw2m0s9x82twj48Jq4.jpg"
    },
    {
        "title": "Queen & Slim",
        "imdb_id": "tt8722346",
        "poster_url": "http://image.tmdb.org/t/p/w500/coANk5hxXAAAygxIj69YRoyWMvz.jpg"
    },
    {
        "title": "21 Bridges",
        "imdb_id": "tt8688634",
        "poster_url": "http://image.tmdb.org/t/p/w500/bSN9SysoRBMwJKNkfOlQlCw2YQO.jpg"
    },
    {
        "title": "A Beautiful Day in the Neighborhood",
        "imdb_id": "tt3224458",
        "poster_url": "http://image.tmdb.org/t/p/w500/gk9BPbtPoc9KvGAQPKsJ03YwP9W.jpg"
    },
    {
        "title": "Dark Waters",
        "imdb_id": "tt9071322",
        "poster_url": "http://image.tmdb.org/t/p/w500/hJ6YEbrjFvToa5c7IiUqILoB6Je.jpg"
    },
    {
        "title": "Frozen II",
        "imdb_id": "tt4520988",
        "poster_url": "http://image.tmdb.org/t/p/w500/pjeMs3yqRmFL3giJy4PMXWZTTPa.jpg"
    },
    {
        "title": "Ford v Ferrari",
        "imdb_id": "tt1950186",
        "poster_url": "http://image.tmdb.org/t/p/w500/6ApDtO7xaWAfPqfi2IARXIzj8QS.jpg"
    },
    {
        "title": "Midway",
        "imdb_id": "tt6924650",
        "poster_url": "http://image.tmdb.org/t/p/w500/hj8pyoNnynGeJTAbl7jcLZO8Uhx.jpg"
    }
]