"FunctionName","Description","Example"
"Add-EnvPath","The Add-EnvPath function adds a path to the system or user environment variable 'Path' and the current session's environment variable 'Path'. If the specified path already exists in the environment variable, it will not be added again.","Add-EnvPath -Path 'C:\Program Files\MyApp'          This example adds 'C:\Program Files\MyApp' to the current session's environment variable 'Path'."
"Add-MemberToGroup","",""
"Add-Office365Functions","",""
"Get-UsersTeamsCacheSummary","",""
"Get-TeamsCache","",""
"Clear-TeamsCacheLM","",""
"Clear-TeamsCacheCU","",""
"Stop-Teams","",""
"Connect-InternalPRTG","",""
"Connect-Mstsc","This function provides the functionality to start an RDP session without having to type in the password",". .\Connect-Mstsc"
"Connect-PSExec","Connect-PSExec - Spawn PSEXEC and launches a PSEXEC PowerShell or Command Console session to a remote computer. Sets remote computers ExecutionPolicy to Unrestricted in the powershell session.","Connect-PSExec -ComputerName COMPUTERNAME"
"Connect-PSExecPowershell","Connect-PSExecPowershell - Spawn PSEXEC and launches an PSEXEC PowerShell Console session to a remote computer. Sets remote computers ExecutionPolicy to Unrestricted.","Connect-PSExecPowershell -ComputerName COMPUTERNAME 		Starts an RDP session to COMPUTERNAME"
"Connect-RDPSession","",""
"Connect-RemoteAssistance","",""
"Convert-DnsZoneFile","",""
"Convert-ImageForTeams","This function converts images in a source folder to PNG format and creates thumbnail images. The converted images and thumbnails are saved in a destination folder with GUID-based names.","Convert-ImageForTeams -sourceFolder ""C:\Path\To\Source\Images"" -destinationFolder ""C:\Path\To\Destination""     #>     param (         [string]$sourceFolder,         [string]$destinationFolder     )      # Install the necessary"
"Copy-FilestoComputer","",""
"Copy-FilestoRemote","A detailed description of the Copy-FilestoRemote function.","Copy-FilestoRemote -ComputerName ""SERVER1"" -LocalFile C:\Temp\Test"
"New-RandomDocument","",""
"New-RandomImage","",""
"New-RandomAudioAndVideo","",""
"Disable-ADUserAccount","The Disable-ADUserAccount funciton will disable a Carpetright Active Directory User Account using either the users SamAccountName or their EmployeeID. The internal process for disabling a user sets the users Enabled parameter to $false, moves the disabled account to the Disabled OU (OU=Disabled Accounts,DC=uk,DC=cruk,DC=net) and also removes the User Account from relevant groups.","Disable-ADUserAccount -EmployeeID '12345678' 		 	User account with EmployeeID '12345678' will be disabled, moved to the disabled OU and also removed from groups."
"Disable-CiscoSecure","",""
"Disable-PrintSpooler","A detailed description of the Disable-PrintSpooler function.","PS C:\> Disable-PrintSpooler -ComputerName 'value1'"
"Disable-RDPRemotely","",""
"DisableADAccountsMenu","",""
"Disconnect-ExchangeSessions","",""
"Enable-CiscoSecure","",""
"Enable-PrintSpooler","A detailed description of the Enable-PrintSpooler function.","PS C:\> Enable-PrintSpooler -ComputerName 'value1'"
"Enable-RDPRemotely","",""
"ExchangeConnector","",""
"Expand-NinjaOne7Zip","",""
"Expand-NinjaOneZip","",""
"Export-DistributionGroupProperties","",""
"Export-OUsToImage","Exports OU structure from the domain of user running script into an image file.     Utilizies Windows Forms TreeView control to generate tree structure and save to image.","Export-OUsToImage -Path C:\support\OUStructure"
"Find-UnusedUserAccounts","The Find-UnusedUserAccounts function is used to find unused user accounts in Active Directory. It retrieves user accounts that meet certain conditions, such as disabled accounts, expired passwords, and accounts that have not been logged into for a specified period of time.","$unused_accounts = Find-UnusedUserAccounts     $unused_accounts | Where-Object { $_"
"Get-AccessToken()","",""
"Get-AccessToken()","",""
"Get-ADEmailAddress","",""
"Get-ADGroupAccountDetails","",""
"Get-AdminUrls","The Get-AdminURL function reads a CSV file containing a list of admin URLs and filters them based on specified parameters. The function can filter URLs by service, site, and server. The function can also test the availability of a server and open URLs in the default browser.","Get-AdminURL -Server ""server01""      This example retrieves all admin URLs for server01."
"Get-ADMissingSubnets","",""
"Get-ADObjectAddress","",""
"Get-ADUserAccount","",""
"Get-ADUserEmailAddress","",""
"Get-ADUserPasswordStatus","Gets the password status of an Active Directory user account.","Get-ADUserPasswordStatus -SamAccountName 'jsmith'"
"Get-ADUserSearch","",""
"Get-AllScheduledScripts","",""
"Get-CertificateExpiry","",""
"Get-CidrIPRange","This function was created to output the details of a CIDR range using the API from hackertarget","Get-CidrIPRange -cidrAddress 192"
"Get-ComputerIP","A detailed description of the Get-ComputerIP function.","Get-ComputerIP"
"Get-ContactList","",""
"Get-DBInstances","",""
"Get-DCDiagResults","",""
"Get-DirectReports","A detailed description of the Get-DirectReports function.","PS C:\> Get-DirectReports -EmployeeID 'Value1'"
"Get-DistributionListMembers","",""
"Get-DotNetVersion","Retrieve",""
"Get-DownloadPercent([decimal]$d)","",""
"Get-DriveSpaceReport","",""
"Get-EmptyOUs","",""
"Get-EmptyOUs","",""
"Get-EnvPath","This function retrieves the environment path for the specified container (Machine, User, or Process).",""
"Get-EventLogs","",""
"Get-EventsFromTimeframe","This script enumerates all event logs within a specified timeframe and all text logs that have a last write time in the timeframe or contains a line that has a date/time reference within the timeframe.  It records this information to a set of files and copies 		any interesting log file off for further analysis.","Get-EventsFromTimeframe -StartTimestamp '01-29-2014 13:25:00' -EndTimeStamp '01-29-2014 13:28:00' -ComputerName COMPUTERNAME 		 		This example finds all event log entries between StartTimestamp and EndTimestamp and any file with an extension inside the $FileExtension param that either was last written within the timeframe or contains a line with a date/time reference within the timeframe."
"Get-ExchangeServerInSite","",""
"Get-ExchangeVersion","Retrieves Exchange server version information using registry for rollup info 	Outputs objects which can be post-processed or filtered.","Get-ExchangeVersion"
"Get-FileAndFolderPermissions","The Get-FileAndFolderPermissions function retrieves the permissions for files or folders at a specified path. It can retrieve permissions for a single file or folder, or for all files or folders in a directory and its subdirectories.","Get-FileAndFolderPermissions -SourcePath ""C:\Temp\MyFile"
"Get-FilteredContacts","",""
"Get-FilteredEvents","",""
"Get-FilteredMailboxes","",""
"Get-FriendlySize","",""
"Get-FSMORoleOwner","A set of functions to provide the ability to manage Active Directory FSMO Roles.      Functions included;     Get-FSMORoleOwner      This CmdLet will export the FSMO roles from your domain. This information is then output in a Table,     showing which Domain Controller on the network holds the different FSMO Roles.","PS C:\> Get-FSMORoleOwner      PDCEmulator          : LSERV-DC01"
"Get-GroupMembers","",""
"Get-GroupNames","",""
"Get-ServerCapacity","",""
"Get-HostIOResults","",""
"Get-InsecureLDAPBinds","",""
"Get-InstalledDotNetVersions","",""
"Get-ipInfo","","Get-ipInfo -ApiKey YourApiKeyGoesHere -ipAddress 8"
"Get-KMSclientActivations","A detailed description of the Get-KMSclientActivations function.","PS C:\> Get-KMSclientActivations -ComputerName 'value1'"
"Get-KMSserverActivations","A detailed description of the Get-KMSserverActivations function.","PS C:\> Get-KMSserverActivations -ComputerName 'value1'"
"Get-LastBootTime","A detailed description of the Get-LastBootTime function.","PS C:\> Get-LastBootTime -ComputerName 'value1'"
"Get-LastGPOUpdateTime","",""
"Get-LastInstalledApplication","A detailed description of the Get-LastInstalledApplication function.","PS C:\> Get-LastInstalledApplication -ComputerName 'value1'"
"Get-LastRebootEvent","Get the last reboot information from multiple machines",""
"Get-LatestFiles","Short function that can be used to find/locate recently saved files. 		 		Searches are performed by passing the parameters to Get-Childitem which will then 		recursively search through your specified file path and then perform a sort to output 		the most recently amended files at the top of the list. 		 		Outputs inlcude the Directory,Filename and LastWriteTime","Get-LatestFiles -DaysPast 7 -Path 'C:\GitRepos\AdminToolkit\PowerShell' -FileType *.* 		 		Recursively scans the folder 'C:\GitRepos\AdminToolkit\PowerShell' looking for all files that have been 		amended in the last 7 days"
"Get-Lines","",""
"Get-LoadedFunctions","This function retrieves a list of loaded functions based on the specified verb and noun. If no verb or noun is specified, all loaded functions are returned.","Get-LoadedFunctions -Verb Get -Noun Item              This command retrieves a list of loaded functions that have ""Get"" as the verb and ""Item"" as the noun."
"Get-LockoutHistory","By default, this script displays list of accounts that have been locked out on the current domain since the last time the Event Log rolled over. Results can be filtered by using parameters.",".\Get-LockoutHistory"
"Get-LoggedOnRDPUser","",""
"Get-LogonEvents","",""
"Get-LogonHistory","",""
"Get-MSTeamsPhone","Install-RequiredModules - Tests to see if scripts/function required modules are available. Where module is missing it, the function installs the missing module and then imports all required modules.","PS C:\> Install-RequiredModules         Tests to see if scripts/function required modules are available. Where module is missing it, the function installs the missing module and then imports all required modules."
"Get-NextPayDay","",""
"Get-NumberOfDaysUntil","",""
"Get-O365CalendarPermissions","Get-O365CalendarPermissions - A function to get the permissions for a calendar. This function will only return the permissions for the calendar of the user named in UserPrincipalName. It will not return the permissions for any other calendars that the user may have access to.","Get-O365CalendarPermissions -UserPrincipalName ""user@example"
"Get-O365MailboxPermissions","",""
"Get-OldFiles","The Get-OldFiles function gets files that are older than a specified number of days. It accepts a mandatory parameter Path, which specifies the path to search for files. It also accepts an optional parameter Days, which specifies the number of days to look back for files. By default, it looks back 1 day. The function also accepts an optional parameter FileName, which specifies the name of the file to search for. By default, it searches for all files. The function also accepts optional switches Recurse and Summarize, which specify whether to search recursively and whether to summarize the results, respectively.","PS C:\> Get-OldFiles -Path ""C:\Logs"" -Days 7 -FileName ""*"
"Get-OUDialog","A self contained WPF/XAML treeview organizational unit selection dialog box. No AD modules required, just need to be joined to the domain.","$OU = Get-OUDialog"
"Get-OUfqdn","",""
"Get-OUfqdn","",""
"Get-PasswordAttempts","Returns the number of recent failed login attempts of all users or of a specific user. If a user is specified then just a number is returned.","No parameters needed.         Returns all users, of the local machine, with a could of failed login attempts.     Output Example:     UserName  FailedLoginAttempts     --------  -------------------     Fred                        4     Bob                         0"
"Get-PasswordAttempts2","Returns the number of recent failed login attempts of all users or of a specific user. If a user is specified then just a number is returned.","No parameters needed.         Returns all users, of the local machine, with a could of failed login attempts.     Output Example:     UserName  FailedLoginAttempts     --------  -------------------     Fred                        4     Bob                         0"
"Get-PatchTuesday","This function can be used to find the date for Microsoft's Patch Tuesday in any given Month. The default command without parameters will return the Patch Tuesday date for the current month.","PS C:\> Get-PatchTuesday 			This example will return the Patch Tuesday for the current month"
"Get-PortService","",""
"Get-PrintSpooler","A detailed description of the Get-PrintSpooler function.","PS C:\> Get-PrintSpooler -ComputerName 'value1'"
"Get-PSGalleryItemsForAuthor","This script will save all versions of all scripts and modules published to the PowerShell Gallery by a given Author. The Author is specified in the manifest for each item, and is expected to be consistent for a given user.  The script assumes that there is at least 1 version of every item that is listed.  This can be verified by logging into the PowerShell Gallery, navigating to https://www",""
"Get-QUserReport","This function can be used to extend the use of the QUser Command in order to levy some addition automation. 	This command will query the Server/s specified and output the session details 	( ID, SessionName,LogonTime, IdleTime, Username, State, ServerName). 	These details are output as objects and can therefore be manipulated to use with additional commands.","Get-QUserReport -ComputerName DANTOOINE  	ID          : 2 	SessionName : rdp-tcp#7 	LogonTime   : 25/03/2020 01:49 	IdleTime    : 2:41 	Username    : administrator 	State       : Active 	ServerName  : DANTOOINE"
"Get-RDPStatus","",""
"Get-RDPUserReport","This function can be used to extend the use of the QUser Command in order to levy some addition automation. This command will query the Server/s specified and output the session details ( ID, SessionName,LogonTime, IdleTime, Username, State, ServerName).  		These details are output as objects and can therefore be manipulated to use with additional commands.","Get-RDPUserReport -ComputerName DANTOOINE  		ID          : 2 		SessionName : rdp-tcp#7 		LogonTime   : 25/03/2020 01:49 		IdleTime    : 2:41 		Username    : administrator 		State       : Active 		ServerName  : DANTOOINE"
"Get-RemoteCipherDetails","",""
"Get-RemoteScheduledTasks","",""
"Get-RestartHistory","",""
"Get-RunOnceRegKeys","Retrieves the names and values of all RunOnce registry keys on the computer ""RemoteComputer01"".","Get-RunOnceRegKeys -ComputerName ""RemoteComputer01"" -Credential (Get-Credential)         Retrieves the names and values of all RunOnce registry keys on the computer ""RemoteComputer01"" using the provided credentials."
"Get-RunRegKeys","",""
"Get-ScheduledScript","",""
"Get-ScheduledTasks","",""
"Get-ScriptFunctionNames","",""
"Get-ServerCapacity","",""
"Get-ServerInstalledFeatures","",""
"Get-ServerIPInfo","",""
"Get-ServerTimeZone","A detailed description of the Get-ServerTimeZone function.","PS C:\> Get-ServerTimeZone -ComputerName 'value1'"
"Get-ServiceDetails","",""
"Get-ServiceStatus","",""
"Get-SpeedTestServers","Get-SpeedTestServers function is a function.","PS C:\> New-SpeedTest"
"Get-SystemEvent","",""
"Get-SysvolReplicationInfo","",""
"Get-TargetGPResult","A detailed description of the Get-TargetGPResult function. 		 		This command line tool displays the Resultant Set of Policy (RSoP) information for a target user and computer. 		Parameter List: 		/S        system           Specifies the remote system to connect to. 		/SCOPE    scope            Specifies whether the user or the computer settings need to be displayed. Valid values: ""USER"", ""COMPUTER"". 		/USER     [domain\]user    Specifies the user name for which the RSoP data is to be displayed. 		/H        <filename>       Saves the report in HTML format at the location and with the file name specified by the <filename> parameter. (valid in Windows at least Vista SP1 and at least Windows Server 2008)","Get-TargetUserGPResult -ComputerName 'value1' -TargetUser 'value2'"
"Get-TeamsFolderStructure","This function retrieves the folder structure for Microsoft Teams backgrounds. It determines whether the old or new folder structure is being used and returns the appropriate base path and upload path.","PS C:\> Get-TeamsFolderStructure         Returns a hashtable with the folder structure for Microsoft Teams backgrounds."
"Get-UserTeamsVersion","The function checks if Microsoft Teams is installed for the current user and retrieves its version if it is.         If Microsoft Teams is not installed for the current user, the function returns a message indicating so.","PS C:\> Get-UserTeamsVersion         1"
"Get-MachineTeamsVersion","This function retrieves the version of Microsoft Teams installed on a machine-wide basis by checking the registry key for Teams in the Uninstall subkey of HKLM:\SOFTWARE\Microsoft\Windows\CurrentVersion.         If Teams is installed, the function returns the version number. Otherwise, it returns a message indicating that Teams is not installed on a machine-wide basis.","PS C:\> Get-MachineTeamsVersion         1"
"Get-LatestTeamsVersion","The Get-LatestTeamsVersion function uses Invoke-WebRequest to retrieve the content of the Microsoft Teams download page.         It then extracts the version number of the latest Windows x64 executable using a regular expression pattern.         The function returns the latest version number as a string.","PS C:\> Get-LatestTeamsVersion         1"
"Get-TeamsInstallType","This function gets the installation type (machine-wide or per-user), version, and whether it is the latest version of Microsoft Teams.","PS C:\> Get-TeamsInstallType         Returns an object with the following properties:             InstallType: Machine-wide or Per-user or Not installed             Version: The version of Microsoft Teams installed             IsLatest: True if the installed version is the latest version, False otherwise."
"Get-TimeSource","",""
"Get-ServerTimeZone","A detailed description of the Get-ServerTimeZone function.","PS C:\> Get-ServerTimeZone -ComputerName 'value1'"
"Get-TopOUName","A detailed description of the Get-TopOUName function.","PS C:\> Get-TopOUName -DistinguishedName 'value1'"
"Get-Uptime","",""
"Get-UptimeResult","A detailed description of the Get-Uptime function.","Get-Uptime"
"Get-UserLogon","A detailed description of the Get-UserLogon function.","PS C:\> Get-UserLogon"
"Get-UserProfiles","",""
"Get-UsersCalendarAccess","",""
"Get-UsersTeamsFolders","This function retrieves the Teams folders for all users on the local machine. It returns an array of objects that contains the user name, Teams folder path, Teams upload folder path, new Teams folder path, and new Teams upload folder path.","PS C:\> Get-UsersTeamsFolders              User      : User1         TeamsFolder : C:\Users\User1\AppData\Roaming\Microsoft\Teams\Backgrounds\         TeamsUploadFolder : C:\Users\User1\AppData\Roaming\Microsoft\Teams\Backgrounds\Uploads\         NewTeamsFolder : C:\Users\User1\AppData\Local\Packages\MSTeams_8wekyb3d8bbwe\LocalCache\Microsoft\MSTeams\Backgrounds\         NewTeamsUploadFolder : C:\Users\User1\AppData\Local\Packages\MSTeams_8wekyb3d8bbwe\LocalCache\Microsoft\MSTeams\Backgrounds\Uploads\              User      : User2         TeamsFolder : C:\Users\User2\AppData\Roaming\Microsoft\Teams\Backgrounds\         TeamsUploadFolder : C:\Users\User2\AppData\Roaming\Microsoft\Teams\Backgrounds\Uploads\         NewTeamsFolder : C:\Users\User2\AppData\Local\Packages\MSTeams_8wekyb3d8bbwe\LocalCache\Microsoft\MSTeams\Backgrounds\         NewTeamsUploadFolder : C:\Users\User2\AppData\Local\Packages\MSTeams_8wekyb3d8bbwe\LocalCache\Microsoft\MSTeams\Backgrounds\Uploads\"
"Get-VMInfoCustom","",""
"Get-VMInformation","",""
"Get-VMInformation","",""
"Get-W32TimeConfiguration","",""
"Get-W32TimeServiceStatus","",""
"Get-W32TimeSource","",""
"Get-W32TimeStripchartResults","",""
"Get-Weather","","Get-Weather -City 'Southend-on-Sea' 	#>      param      (         [Parameter(Mandatory)]         $City     )     $Protocols = [Net"
"Get-WeatherDetails","The Get-WeatherDetails Cmdlet can get the weather details for a specific town and country using the Weatherstack API.","Get-WeatherDetails -Town ""London"" -Country ""GB"" -Unit ""m"" -access_key ""[Your API Key]""      This command will get the weather details for London, GB in metric units."
"Get-WhoIsInformation","",""
"Get-WTFismyIP","A detailed description of the Get-WTFismyIP function.","PS C:\> Get-WTFismyIP"
"ghcs","",""
"ghce","",""
"Go-Home","",""
"Go-Back","",""
"Initialize-EventLogging","",""
"Install-LatestPWSH7","",""
"Install-ModuleIfNotPresent","",""
"Uninstall-PSTools","",""
"Install-PSTools","",""
"Install-RemoteCertificate","This function installs a certificate on a remote computer using a PSSession.","Install-RemoteCertificate -ComputerName ""RemoteComputer"" -Credential $cred -PassString ""password"" -CertFilePath ""C:\certificates\cert"
"Install-RequiredModules","",""
"Install-WinGet","",""
"Invoke-BatchArray","",""
"Invoke-CiscoSecureManagement","",""
"Invoke-PasswordifyPhrase","Replaces characters in a supplied phrase to obscure the characters and adds the result to the clipboard.","Invoke-PasswordifyPhrase ""SecureMyPassphraseAndMakeItAwesome"""
"Invoke-RemoteZipExpansion","",""
"Lock-UserAccount","This function will lock a user account in Active Directory.",""
"Measure-Lines","",""
"Merge-Files","",""
"Move-FilesByType","",""
"Move-FSMORolestoPDCEmulator","A set of functions to provide the ability to manage Active Directory FSMO Roles.      Functions included;     Move-FSMORolestoPDCEmulator      Wrapper for the Move-ADDirectoryServerOperationMasterRole command.      Operation Master Roles     PDCEmulator or 0     RIDMaster or 1     InfrastructureMaster or 2     SchemaMaster or 3     DomainNamingMaster or 4","PS C:\> Move-FSMORolestoPDCEmulator      Move Operation Master Role     Do you want to move role 'InfrastructureMaster' to server 'LSERV-DC01"
"New-AdminShell","",""
"New-AdminTerminal","",""
"New-CodeSigningCert","",""
"New-CountdownDate","",""
"New-DummyFile","","New-DummyFile -FilePath ""C:\GitRepos\"" -FileName ""NewDummy"
"New-DummyFiles","",""
"Set-Example","",""
"New-DynamicParameter","",""
"New-Email","",""
"New-FakeADUser","Long description","PS C:\> <example usage>         Explanation of what the example does"
"New-FakeADUserDetails","Function to","New-FakeUserDetails"
"New-FakeUserDetails","Function to","New-FakeUserDetails"
"New-FileReport","This function creates an HTML report that displays information about old files, including the number of files found, the newest and oldest file ages, and a table of the files with their last write time and file name. The report also includes a summary message.","PS C:\> $OldFiles = Get-ChildItem -Path C:\Logs -Recurse | Where-Object { $_"
"New-Greeting","",""
"New-LocalRunOnceRegKey","This function creates a new RunOnce registry key in the LocalMachine hive with the specified key name and value.","New-LocalRunOnceRegKey -KeyName ""MyKey"" -KeyValue ""C:\MyApp"
"New-ModulePSM1","Command will create a PSM1 file based on the contents of the subfolder public inside the module folder.","PS C:\> New-ModulePSM1 -FolderPath 'Value1' -ModuleName 'Value2'"
"New-MSTeamsPhone","Install-RequiredModules - Tests to see if scripts/function required modules are available. Where module is missing it, the function installs the missing module and then imports all required modules.","PS C:\> Install-RequiredModules         Tests to see if scripts/function required modules are available. Where module is missing it, the function installs the missing module and then imports all required modules."
"New-O365Contact","",""
"New-OOHMessage","",""
"New-PowerOutage","The New-PowerOutage function shuts down a computer or a list of computers and optionally monitors virtual machines until they are stopped.          If the -Report switch is specified, the function will monitor virtual machines until all are stopped before shutting down the computer.          The function checks if the computer is online before shutting it down and waits for the computer to shut down before completing.","New-PowerOutage -ComputerName ""Computer01"" -Report         Shuts down ""Computer01"" and monitors virtual machines until all are stopped."
"New-PSDriveRootFolder","Create PS Drives for all folders in a given path.","New-PSDriveRootFolder -FolderPath ""C:\Users\username\Documents\WindowsPowerShell\Modules"""
"New-RandomUser","Function to","New-RandomUser"
"New-ScheduledScript","",""
"New-Shell","","PS C:\> New-Shell -RunAs PowerShellRunAs 			Launch PowerShell a new elevated Shell as current user."
"New-Shortcut","","Install Module to export icons.     Install-Module -Name IconExport     Import-Module -Name IconExport      # Set Icon Storage Location     $IconStorage = [Environment]::GetFolderPath(""ApplicationData"") + ""\Icons""      #Export Icon     Export-Icon -Path 'C:\Program Files\Microsoft VS Code\Code"
"New-SpeedTest","New-SpeedTest is a wrapper function for the the official command line client from Speedtest by Ookla for testing the speed and performance of your internet connection. Functionality included will allow you to perform a speedtest and output the results in a several formats; A PowerShell Object, CSV, Json and Json-Pretty. I have included the abilty to output the original Cli with the accompanying progress bar.","PS C:\> New-SpeedTest          Outputs the speedtest details as a PowerShell Object and displays the results to the console.          TimeStamp        : 23/08/2022 12:13:32         InternalIP       :  InternalIP         MacAddress       :  MacAddress         ExternalIP       :  ExternalIP         IsVPN            : False         ISP              : Virgin Media         DownloadSpeed    : 156"
"New-SYDIDocument","New-SYDIDocument creates basic documentation for a Windows system, which you can use as a starting point.              The documentation is created in Microsoft Word Format using SYDI-Server written by NetworkLore (https://networklore","New-SYDIDocument -ComputerName 'ComputerOne' -Credential $Credential -Template 'C:\Documents\ServerDocTemplate"
"New-WindowsSandbox","",""
"RageQuit","",""
"Randomize-FilesIntoSubfolders","",""
"Remove-EmptyFolders","",""
"Remove-EnvPath","This function removes a path from the environment variable 'Path' for the specified container. The container can be 'Machine', 'User', or 'Session'. If the container is 'Session', the function only removes the path from the current session's environment variable 'Path'. If the container is 'Machine' or 'User', the function also removes the path from the persisted environment variable 'Path' for the specified container.",""
"Remove-Files","","Remove-Files -Files ""C:\temp\file1"
"Remove-FoldersWithoutSpecifiedFiles","",""
"Remove-RDPUserSession","This function can be used to extend the use of the QUser Command in order to levy some addition automation. This command will query the Server/s specified and output the session details ( ID, SessionName,LogonTime, IdleTime, Username, State, ServerName).  		These details are output as objects and can therefore be manipulated to use with additional commands.","Remove-RDPUserSession -ComputerName DANTOOINE -ID 2  		ID          : 2 		SessionName : rdp-tcp#7 		LogonTime   : 25/03/2020 01:49 		IdleTime    : 2:41 		Username    : administrator 		State       : Active 		ServerName  : DANTOOINE"
"Remove-RunOnceRegKey","",""
"Remove-RunRegKey","",""
"Remove-ScheduledScript","",""
"Remove-UserProfiles","",""
"Reorganize-FilesByType","",""
"Repair-MissingOnPremMailbox","",""
"Restart-NinjaRMMService","",""
"Restart-PrintSpooler","A detailed description of the Restart-PrintSpooler function.","PS C:\> Restart-PrintSpooler -ComputerName 'value1'"
"Restart-Profile","",""
"Save-LogResults","This function logs the results of a script to a file. It takes an array of old files, a report path, and a summary as input parameters. The function generates a report file with the name ""FileReport-yyyy-MM-dd","PS C:\> Save-LogResults -OldFiles $OldFiles -ReportPath ""C:\Reports"" -Summary ""Script completed successfully.""          This example logs the results of a script to a report file named ""FileReport-yyyy-MM-dd"
"Save-PasswordFile","","Save-Password -Label UserName"
"Search-ForFiles","",""
"Search-GPOsForString","This function searches all GPOs in the current user's domain for a specified string. It uses the Get-GPOReport cmdlet to retrieve the XML report for each GPO, and then searches the report for the specified string using regular expressions. If a match is found, the function outputs a custom object with the name of the matching GPO and the search string.","Search-GPOsForString -SearchText ""password""         This example searches all GPOs in the current user's domain for the string ""password"".     #>      # Bind the function parameters     [CmdletBinding()]     Param(         [string]$SearchText  # The string to search for in the GPOs     )      # Get the domain name     $DomainName = $env:USERDNSDOMAIN      # Get all GPOs in the domain     $allGposInDomain = Get-GPO -All -Domain $DomainName      # Count the total number of GPOs     $totalGpos = $allGposInDomain"
"Search-Scripts","A function to search for files.              Searches are performed by passing the parameters to Get-Childitem which will then         recursively search through your specified file path and then perform a sort to output         the most recently amended files at the top of the list.              Outputs inlcude the Name,DirectoryName and FullName              Name                        DirectoryName                                       FullName         ----                        -------------                                       --------         Get-PublicDnsRecord","Search-Scripts -Path .\scripts-blog\PowerShell\ -SearchTerm dns -SearchType Wild -Extension"
"Select-FolderLocation","",""
"Send-MagicPacket","A detailed description of the Send-MagicPacket function.","PS C:\> Send-MagicPacket -Mac 'Value1'"
"Set-ADUserPassword","",""
"Set-ConsoleConfig","",""
"Set-DHCPIPAddress","Configure a network adapter to use DHCP settings using the current IP address of the Network Card that you would like to configure to receive a DHCP IP Address assignment.","Set-DHCPIPAddress -CurrentIPAddress $value1"
"Set-TitleisAdmin","This function sets the console window title to display the current user's username, followed by their privileges (either ""Admin Privileges"" or ""User Privileges""), and the current path.","Set-TitleisAdmin   #>   $Username = whoami"
"Set-PromptisAdmin","This function sets the PowerShell prompt to display ""(Admin)"" if the current session is running as an administrator, or ""(User)"" if it is not.","Set-PromptisAdmin   This example sets the PowerShell prompt to display whether the current session is running as an administrator or not."
"Set-DistributionGroupProperties","",""
"Set-DnsRecord","The Set-DnsRecord function modifies a DNS record in a specified zone on a specified DNS server.          It allows you to change the IP address and TTL (Time to Live) of a DNS record.          This function is useful for managing DNS records in an automated manner,          such as in a scripting or DevOps context.","Set-DnsRecord -ComputerName ""dns-server01"" -ZoneName ""example"
"Set-FSMORoleOwner","A function to centralise all Roles on the Active Directory PDC Emulator.      Move-FSMORolestoPDCEmulator      Wrapper for the Move-ADDirectoryServerOperationMasterRole command.      Operation Master Roles     PDCEmulator or 0     RIDMaster or 1     InfrastructureMaster or 2     SchemaMaster or 3     DomainNamingMaster or 4","PS C:\> Move-FSMORolestoPDCEmulator      Move Operation Master Role     Do you want to move role 'InfrastructureMaster' to server 'LSERV-DC01"
"Set-GoogleDynamicDNS","The Set-GoogleDynamicDNS Cmdlet can update your Google Dynamic DNS Record using the module GoogleDynamicDNSTools.     This command will update the subdomain for the domain specified with the external IP with the computers current internet connection.      Using Module https://www","Set-GoogleDynamicDNS -DomainName ""example"
"Set-O365CalendarPermissions","Set-O365CalendarPermissions - A function to set the permissions for a calendar. This function will only set the permissions for the calendar of the user named in Owner. It will not set the permissions for any other calendars that the user may have access to. This function will also remove any existing permissions for the user named in User when setting the permissions to none. Users with permissions already granted can be updated using the Update parameter.      The AccessLevel parameter has been populated with the roles that are available within Outlook. The permissions assigned by each role are described in the parameter help.","Set-O365CalendarPermissions -Owner ""user@example"
"Set-O365MailboxPermissions","",""
"Set-OOHMessage","",""
"Set-RDPRemotely","",""
"Set-RegEntry","",""
"Set-RegistryShouldBe","",""
"Set-RunOnceRegKeys","",""
"Set-RunRegKey","",""
"Set-ServerTimeZone","A detailed description of the Set-ServerTimeZone function.","PS C:\> Set-ServerTimeZone -ComputerName 'value1'"
"Set-StaticIPAddress","A detailed description of the Set-StaticIPAddress function.","Set-StaticIPAddress -CurrentIPAddress '172"
"Set-TimeZoneID","A detailed description of the Set-TimeZoneID function.","PS C:\> Set-TimeZoneID -ComputerName 'value1'"
"Show-IsAdminOrNot","",""
"Show-PSDrive","The Show-PSDrive function retrieves all the PowerShell drives, sorts them by a specified property, and then displays them in a table format.",""
"Show-RandomCommand","The Show-RandomCommand function gets a random command from the Microsoft*, Cim*, and PS* modules and displays its help.      If the -showWindow switch is specified, the help is displayed in a separate window.","Show-RandomCommand     Displays the help for a random command in the console."
"Show-RandomHelpAbout","The Show-RandomHelpAbout function displays a random help topic from the about_* help files. By default, the help topic is displayed in the console. If the -showWindow switch is specified, the help topic is displayed in a separate window.","Show-RandomHelpAbout          Displays a random help topic in the console."
"Start-RansomcareServices","",""
"Start-Outlook","",""
"Start-ScheduledScript","",""
"Start-ServicesInOder","This function starts a list of services in the order they are provided. It waits for each service to start before moving on to the next one.","Start-ServicesInOrder -ServiceNames ""Service1"", ""Service2"", ""Service3""     Starts Service1, waits for it to start, then starts Service2, waits for it to start, then starts Service3."
"Stop-FailedService","",""
"Stop-NonRespondingProcesses","",""
"Stop-Outlook","",""
"Stop-ProcessOnComputer","",""
"Stop-ScheduledScript","",""
"Sync-ADwithAAD","",""
"Sync-DomainController","",""
"Test-ADReplication","",""
"Test-CiscoSecure","",""
"Test-Computer","The function Test-Computer can be used to test a computer and return the current status of the computer. The function performs a number of tests to retrieve the DNS, RDP, AD, and DHCP IP address information. The tests performed are as follows:         - Test-Connection         - Get-ADComputer         - Resolve-DnsName         - Test-OpenPorts         - Get-NetIPAddress     Each test is performed and the results are returned in a custom object.     The first test performed is a Test-Connection to the computer. If the computer is not online, the function will return a custom object with the computer name and the status of ""Inactive"" and will not perform any further tests.","Test-Computer -ComputerName ""Computer01""      This will test and return the current status of the computer using the computer name. This includes DNS, RDP, AD, and DHCP IP address information."
"Test-ContactEmail","",""
"Test-DisplayName","",""
"Test-DNSRecord","",""
"Test-DnsRecordEndpoints","",""
"Test-ExchangeConnection","",""
"Test-ExchangeDNSRR","A function to search for files.",""
"Test-FileExists","",""
"Test-FolderExists","",""
"Test-ifContactExists","",""
"Test-IsAdmin","",""
"Test-NetworkPort","",""
"Test-O365EmailExists","Test-O365EmailExists - A function to          The function tests to see if  		 		Outputs inlcude:         Name         DisplayName         Alias         SamAccountName         ExternalEmailAddress         EmailAddresses         WindowsEmailAddress         PrimarySmtpAddress         RecipientType         RecipientTypeDetails","Test-O365EmailExists -EmailAddress sharedMailbox@example"
"Test-OpenPorts","The Test-OpenPorts function utilises the Test-NetConnection cmdlet to make it easier to test multiple ports on multiple computers. It has been created with a number of preset ports that can be tested by selecting the relevant switches.","Test-OpenPorts -ComputerName COMPUTER -RDP -PowerShell -Ports 445      ComputerName Port Status Timestamp     ------------ ---- ------ ---------     COMPUTER     445 Open   20/03/2023 20:21:06     COMPUTER    5985 Open   20/03/2023 20:21:06     COMPUTER    3389 Open   20/03/2023 20:21:06      This command tests the computer named 'COMPUTER', RDP and Powershell ports using the preset switches and also tests the specified port 445."
"Test-ProfileExists","",""
"Test-SamAccountName","",""
"Test-ServerRolePortGroup","This function tests for all the approprite TCP/UDP ports by server role so you don't have 	to memorize or look up all of the ports that need to be tested for every time 	you want to verify remote connectivity on a specific server role.","PS> Test-ServerRolePortGroup -Computername 'LABDC','LABDC2' -ServerRole NetBIOS,WinRm,Dns 	 	This example tests the network ports necessary for NetBIOS, WinRm and Dns 	to operate on the servers LABDC and LABDC2. #>  	[CmdletBinding()] 	[OutputType([System"
"Test-SMB1Enabled","",""
"Test-SSLProtocols","A detailed description of the Test-SSLProtocols function. Tests and oututs the website SSL protocols that the client is able to successfully use to connect to a server.","PS C:\> Test-SSLProtocols -WebAddress ""www"
"Test-Surname","",""
"Test-TLSConnection","This function uses System","Test-TlsConnection -ComputerName www"
"Test-UserExists","",""
"Unlock-UserAccount","This function will gather user account information from Active Directory compiling a list of user accounts     for all Active Directory accounts that are currently locked due to incorrect passwords being entered.     When running the function, it searches all AD User accounts from AD looking for those that are locked out.     It then produces an alphabetical list output in Grid-View with the user details ""Name,SamAccountName,LastLogonDate,UserPrincipalName,LockedOut""     You can then select the User/s accounts and click OK to unlock them.","Unlock-UserAccount"
"Update-CloudflareDDNS","The Update-CloudflareDDNS function is used to update a Dynamic DNS (DDNS) record in Cloudflare. It retrieves the current public IP address, compares it with the existing DNS record IP address, and updates the DNS record if necessary. The function requires a valid Cloudflare API token, email address, domain name, and record name.","Update-CloudflareDDNS -Email ""user@example"
"Update-DistributionList","",""
"Update-DistributionList","",""
"Update-ModulePSM1","",""
"Update-O365CalendarPermissions","Update-O365CalendarPermissions - A function to update the permissions for a calendar. This function will apply the permission to the calendar with the permissions of the user specified. You can add permissions by specifying a specific permission or by specifying the role of the user. You can remove user permissions by specifying the permission 'remove'.","Update-O365CalendarPermissions -Identity <mailbox> -User <xxx> -Permission <permission>  	Returns the permissions for the calendar of the user named in UserPrincipalName"
"Update-PowerShell","",""
"Update-SSLCertificate","",""
